{
  "D:\\Shopify-theme\\assets\\accordion-custom.js": 1780472624.4882493,
  "D:\\Shopify-theme\\assets\\anchored-popover.js": 1780472624.5042112,
  "D:\\Shopify-theme\\assets\\announcement-bar.js": 1780472624.5112116,
  "D:\\Shopify-theme\\assets\\auto-close-details.js": 1780472624.521212,
  "D:\\Shopify-theme\\assets\\blog-posts-list.js": 1780472624.5603805,
  "D:\\Shopify-theme\\assets\\cart-discount.js": 1780472624.5683804,
  "D:\\Shopify-theme\\assets\\cart-drawer.js": 1780472624.5763884,
  "D:\\Shopify-theme\\assets\\cart-icon.js": 1780472624.5843837,
  "D:\\Shopify-theme\\assets\\cart-note.js": 1780472624.5930257,
  "D:\\Shopify-theme\\assets\\collection-links.js": 1780472624.6020234,
  "D:\\Shopify-theme\\assets\\comparison-slider.js": 1780472624.611025,
  "D:\\Shopify-theme\\assets\\component-cart-items.js": 1780472624.6190228,
  "D:\\Shopify-theme\\assets\\component-cart-quantity-selector.js": 1780472624.628022,
  "D:\\Shopify-theme\\assets\\component-quantity-selector.js": 1780472624.6380267,
  "D:\\Shopify-theme\\assets\\component.js": 1780472624.6470227,
  "D:\\Shopify-theme\\assets\\copy-to-clipboard.js": 1780472624.6560428,
  "D:\\Shopify-theme\\assets\\dialog.js": 1780472624.664025,
  "D:\\Shopify-theme\\assets\\drag-zoom-wrapper.js": 1780472624.6720243,
  "D:\\Shopify-theme\\assets\\events.js": 1780472624.6820347,
  "D:\\Shopify-theme\\assets\\facets.js": 1780472624.6915503,
  "D:\\Shopify-theme\\assets\\floating-panel.js": 1780472624.699556,
  "D:\\Shopify-theme\\assets\\fly-to-cart.js": 1780472624.7085514,
  "D:\\Shopify-theme\\assets\\focus.js": 1780472624.7155502,
  "D:\\Shopify-theme\\assets\\gift-card-recipient-form.js": 1780472624.7255514,
  "D:\\Shopify-theme\\assets\\global.d.ts": 1780472624.736563,
  "D:\\Shopify-theme\\assets\\header-actions.js": 1780472624.7435489,
  "D:\\Shopify-theme\\assets\\header-drawer.js": 1780472624.7515447,
  "D:\\Shopify-theme\\assets\\header-menu.js": 1780472624.7625496,
  "D:\\Shopify-theme\\assets\\header.js": 1780472624.7715478,
  "D:\\Shopify-theme\\assets\\jumbo-text.js": 1780472625.111485,
  "D:\\Shopify-theme\\assets\\layered-slideshow.js": 1780472625.1194937,
  "D:\\Shopify-theme\\assets\\local-pickup.js": 1780472625.1274865,
  "D:\\Shopify-theme\\assets\\localization.js": 1780472625.1354942,
  "D:\\Shopify-theme\\assets\\marquee.js": 1780472625.1424873,
  "D:\\Shopify-theme\\assets\\media-gallery.js": 1780472625.1514919,
  "D:\\Shopify-theme\\assets\\media.js": 1780472625.1604881,
  "D:\\Shopify-theme\\assets\\money-formatting.js": 1780472625.169492,
  "D:\\Shopify-theme\\assets\\morph.js": 1780472625.1805074,
  "D:\\Shopify-theme\\assets\\overflow-list.js": 1780472625.2060204,
  "D:\\Shopify-theme\\assets\\paginated-list-aspect-ratio.js": 1780472625.214023,
  "D:\\Shopify-theme\\assets\\paginated-list.js": 1780472625.2240217,
  "D:\\Shopify-theme\\assets\\performance.js": 1780472625.2340198,
  "D:\\Shopify-theme\\assets\\popover-polyfill.js": 1780472625.2430246,
  "D:\\Shopify-theme\\assets\\predictive-search.js": 1780472625.252025,
  "D:\\Shopify-theme\\assets\\price-per-item.js": 1780472625.2610207,
  "D:\\Shopify-theme\\assets\\product-card.js": 1780472625.2710204,
  "D:\\Shopify-theme\\assets\\product-custom-property.js": 1780472625.282038,
  "D:\\Shopify-theme\\assets\\product-form.js": 1780472625.291298,
  "D:\\Shopify-theme\\assets\\product-hotspot.js": 1780472625.3012598,
  "D:\\Shopify-theme\\assets\\product-inventory.js": 1780472625.3102622,
  "D:\\Shopify-theme\\assets\\product-price.js": 1780472625.3212671,
  "D:\\Shopify-theme\\assets\\product-recommendations.js": 1780472625.332254,
  "D:\\Shopify-theme\\assets\\product-sku.js": 1780472625.3412595,
  "D:\\Shopify-theme\\assets\\product-title-truncation.js": 1780472625.3522544,
  "D:\\Shopify-theme\\assets\\qr-code-generator.js": 1780472625.3782685,
  "D:\\Shopify-theme\\assets\\qr-code-image.js": 1780472625.3947873,
  "D:\\Shopify-theme\\assets\\quick-add.js": 1780472625.4077873,
  "D:\\Shopify-theme\\assets\\quick-order-list.js": 1780472625.4178019,
  "D:\\Shopify-theme\\assets\\recently-viewed-products.js": 1780472625.430792,
  "D:\\Shopify-theme\\assets\\results-list.js": 1780472625.4407825,
  "D:\\Shopify-theme\\assets\\rte-formatter.js": 1780472625.4517863,
  "D:\\Shopify-theme\\assets\\scrolling.js": 1780472625.462819,
  "D:\\Shopify-theme\\assets\\search-page-input.js": 1780472625.4727948,
  "D:\\Shopify-theme\\assets\\section-hydration.js": 1780472625.4807937,
  "D:\\Shopify-theme\\assets\\section-renderer.js": 1780472625.4913237,
  "D:\\Shopify-theme\\assets\\show-more.js": 1780472625.5003152,
  "D:\\Shopify-theme\\assets\\slideshow.js": 1780472625.511323,
  "D:\\Shopify-theme\\assets\\sticky-add-to-cart.js": 1780472625.5223174,
  "D:\\Shopify-theme\\assets\\theme-editor.js": 1780472625.5543208,
  "D:\\Shopify-theme\\assets\\utilities.js": 1780472625.565318,
  "D:\\Shopify-theme\\assets\\variant-picker.js": 1780472625.5743725,
  "D:\\Shopify-theme\\assets\\video-background.js": 1780472625.585338,
  "D:\\Shopify-theme\\assets\\view-transitions.js": 1780472625.5964246,
  "D:\\Shopify-theme\\assets\\volume-pricing-info.js": 1780472625.6074302,
  "D:\\Shopify-theme\\assets\\volume-pricing.js": 1780472625.624423,
  "D:\\Shopify-theme\\assets\\zoom-dialog.js": 1780472625.6324244,
  "D:\\Shopify-theme\\E2.md": 1780745354.7683237,
  "D:\\Shopify-theme\\Execution.md": 1780744633.5868258,
  "D:\\Shopify-theme\\fix.md": 1780745654.3761024,
  "D:\\Shopify-theme\\ideal_instruction_format.md": 1780655760.5639076,
  "D:\\Shopify-theme\\image.png": 1780657738.3210795,
  "D:\\Shopify-theme\\assets\\icon-account.svg": 1780472624.781557,
  "D:\\Shopify-theme\\assets\\icon-add-to-cart.svg": 1780472624.7940774,
  "D:\\Shopify-theme\\assets\\icon-arrow.svg": 1780472624.8030715,
  "D:\\Shopify-theme\\assets\\icon-available.svg": 1780472624.8110707,
  "D:\\Shopify-theme\\assets\\icon-caret.svg": 1780472624.8200717,
  "D:\\Shopify-theme\\assets\\icon-cart.svg": 1780472624.8290703,
  "D:\\Shopify-theme\\assets\\icon-checkmark-burst.svg": 1780472624.8380697,
  "D:\\Shopify-theme\\assets\\icon-checkmark.svg": 1780472624.8470693,
  "D:\\Shopify-theme\\assets\\icon-chevron-left.svg": 1780472624.85607,
  "D:\\Shopify-theme\\assets\\icon-chevron-right.svg": 1780472624.8650699,
  "D:\\Shopify-theme\\assets\\icon-close.svg": 1780472624.874076,
  "D:\\Shopify-theme\\assets\\icon-delete.svg": 1780472624.8830774,
  "D:\\Shopify-theme\\assets\\icon-discount.svg": 1780472624.8922098,
  "D:\\Shopify-theme\\assets\\icon-double-chevron.svg": 1780472624.9002094,
  "D:\\Shopify-theme\\assets\\icon-error.svg": 1780472624.9092078,
  "D:\\Shopify-theme\\assets\\icon-external.svg": 1780472624.9182086,
  "D:\\Shopify-theme\\assets\\icon-filter.svg": 1780472624.9262102,
  "D:\\Shopify-theme\\assets\\icon-filters-close.svg": 1780472624.9352088,
  "D:\\Shopify-theme\\assets\\icon-grid-default.svg": 1780472624.9452085,
  "D:\\Shopify-theme\\assets\\icon-grid-dense.svg": 1780472624.9542086,
  "D:\\Shopify-theme\\assets\\icon-info.svg": 1780472624.9632082,
  "D:\\Shopify-theme\\assets\\icon-inventory.svg": 1780472624.9722106,
  "D:\\Shopify-theme\\assets\\icon-menu.svg": 1780472624.9812176,
  "D:\\Shopify-theme\\assets\\icon-minus.svg": 1780472624.9897301,
  "D:\\Shopify-theme\\assets\\icon-one-col-mobile.svg": 1780472624.9987323,
  "D:\\Shopify-theme\\assets\\icon-orders.svg": 1780472625.0077302,
  "D:\\Shopify-theme\\assets\\icon-pause.svg": 1780472625.0167296,
  "D:\\Shopify-theme\\assets\\icon-play.svg": 1780472625.025731,
  "D:\\Shopify-theme\\assets\\icon-plus.svg": 1780472625.037737,
  "D:\\Shopify-theme\\assets\\icon-reset.svg": 1780472625.0507338,
  "D:\\Shopify-theme\\assets\\icon-search.svg": 1780472625.0750668,
  "D:\\Shopify-theme\\assets\\icon-shopify.svg": 1780472625.0830662,
  "D:\\Shopify-theme\\assets\\icon-unavailable.svg": 1780472625.0925252
}